09/02/2023 00:00, 243582f4-afb9-468f-86fe-48592468d9b2/eba3befe-9c19-4d93-a71d-cc86df44ec15, 5/2.5811975567687897, 6.969233403275733, 0, 5339.317312445668, 10.404275357860701, 2726.9664363320253
09/02/2023 01:00, 243582f4-afb9-468f-86fe-48592468d9b2/75b9bab8-793f-4767-9b73-9c153d3727d1, 5/2.6816492396656697, 0, -21.453193917325358, 2634.0824619832833, 5.5, 1075
09/02/2023 02:00, 243582f4-afb9-468f-86fe-48592468d9b2/75b9bab8-793f-4767-9b73-9c153d3727d1, 5/2.7117757886733003, 0, -21.694206309386402, 2635.588789433665, 5.5, 1075
09/02/2023 03:00, 243582f4-afb9-468f-86fe-48592468d9b2/75b9bab8-793f-4767-9b73-9c153d3727d1, 5/2.70081620906459, 0, -21.60652967251672, 2635.0408104532294, 5.5, 1075
09/02/2023 04:00, 243582f4-afb9-468f-86fe-48592468d9b2/75b9bab8-793f-4767-9b73-9c153d3727d1, 5/3.155612704067501, 0, -25.244901632540007, 2657.780635203375, 5.5, 1075
09/02/2023 05:00, 243582f4-afb9-468f-86fe-48592468d9b2/eba3befe-9c19-4d93-a71d-cc86df44ec15, 5/3.4499518334884094, 9.314869950418705, 0, 6294.94701683725, 12.054908483627978, 3282.969173432582
09/02/2023 06:00, 243582f4-afb9-468f-86fe-48592468d9b2/eba3befe-9c19-4d93-a71d-cc86df44ec15, 5/3.506858972829191, 9.468519226638815, 0, 6357.5448701121095, 12.163032048375463, 3319.3897426106823
09/02/2023 07:00, 243582f4-afb9-468f-86fe-48592468d9b2/eba3befe-9c19-4d93-a71d-cc86df44ec15, 5/2.7880398709744902, 7.5277076516311245, 0, 5566.843858071939, 10.797275754851531, 2859.3455174236738
09/02/2023 08:00, 243582f4-afb9-468f-86fe-48592468d9b2/eba3befe-9c19-4d93-a71d-cc86df44ec15, 5/2.6354359882089797, 7.115677168164246, 0, 5398.979587029878, 10.507328377597062, 2761.679032453747
09/02/2023 09:00, eba3befe-9c19-4d93-a71d-cc86df44ec15/243582f4-afb9-468f-86fe-48592468d9b2, 3.6/4.10508180453566, 9.72, 0, 6012.5409022678305, 11.355589984989226, 3186.5925879751667
09/02/2023 10:00, 243582f4-afb9-468f-86fe-48592468d9b2/eba3befe-9c19-4d93-a71d-cc86df44ec15, 5/2.64004776638693, 7.128128969244711, 0, 5404.052543025623, 10.516090756135167, 2764.630570487635
09/02/2023 11:00, 243582f4-afb9-468f-86fe-48592468d9b2/eba3befe-9c19-4d93-a71d-cc86df44ec15, 5/1.9949229698098998, 5.38629201848673, 0, 4694.415266790889, 9.29035364263881, 2351.7507006783358
09/02/2023 12:00, 243582f4-afb9-468f-86fe-48592468d9b2/eba3befe-9c19-4d93-a71d-cc86df44ec15, 5/1.39427780257608, 3.764550066955416, 0, 4033.705582833688, 8.149127824894553, 1967.3377936486913
09/02/2023 13:00, 243582f4-afb9-468f-86fe-48592468d9b2/eba3befe-9c19-4d93-a71d-cc86df44ec15, 5/1.2233187590116996, 3.302960649331589, 0, 3845.6506349128695, 7.824305642122229, 1857.9240057674879
09/02/2023 14:00, 243582f4-afb9-468f-86fe-48592468d9b2/eba3befe-9c19-4d93-a71d-cc86df44ec15, 5/1.2789455976790904, 3.4531531137335443, 0, 3906.8401574469995, 7.929996635590271, 1893.5251825146179
09/02/2023 15:00, 243582f4-afb9-468f-86fe-48592468d9b2/eba3befe-9c19-4d93-a71d-cc86df44ec15, 5/1.7771797577526902, 4.798385345932264, 0, 4454.89773352796, 8.87664153973011, 2212.395044961722
09/02/2023 16:00, 243582f4-afb9-468f-86fe-48592468d9b2/eba3befe-9c19-4d93-a71d-cc86df44ec15, 5/2.0115302867870897, 5.431131774325142, 0, 4712.683315465799, 9.32190754489547, 2362.3793835437373
09/02/2023 17:00, 243582f4-afb9-468f-86fe-48592468d9b2/eba3befe-9c19-4d93-a71d-cc86df44ec15, 5/2.1750254355557797, 5.872568676000605, 0, 4892.527979111357, 9.63254832755598, 2467.016278755699
09/02/2023 18:00, 243582f4-afb9-468f-86fe-48592468d9b2/eba3befe-9c19-4d93-a71d-cc86df44ec15, 5/1.6531165309389397, 4.4634146335351375, 0, 4318.428184032834, 8.640921408783985, 2132.994579800921
09/02/2023 19:00, 243582f4-afb9-468f-86fe-48592468d9b2/eba3befe-9c19-4d93-a71d-cc86df44ec15, 5/1.7192966681000899, 4.642101003870243, 0, 4391.226334910099, 8.766663669390171, 2175.3498675840574
09/02/2023 20:00, 243582f4-afb9-468f-86fe-48592468d9b2/eba3befe-9c19-4d93-a71d-cc86df44ec15, 5/1.8612382308801, 5.025343223376271, 0, 4547.362053968111, 9.03635263867219, 2266.192467763264
09/02/2023 21:00, 243582f4-afb9-468f-86fe-48592468d9b2/eba3befe-9c19-4d93-a71d-cc86df44ec15, 5/1.8301126466303401, 4.941304145901919, 0, 4513.1239112933745, 8.977214028597647, 2246.2720938434177
09/02/2023 22:00, 243582f4-afb9-468f-86fe-48592468d9b2/eba3befe-9c19-4d93-a71d-cc86df44ec15, 5/1.8593902068564603, 5.0203535585124435, 0, 4545.329227542106, 9.032841393027274, 2265.0097323881346
09/02/2023 23:00, 243582f4-afb9-468f-86fe-48592468d9b2/eba3befe-9c19-4d93-a71d-cc86df44ec15, 5/1.77969137597667, 4.805166715137009, 0, 4457.660513574337, 8.881413614355672, 2214.0024806250685
10/02/2023 00:00, 243582f4-afb9-468f-86fe-48592468d9b2/75b9bab8-793f-4767-9b73-9c153d3727d1, 5/1.7967845010577301, 0, -14.374276008461841, 2589.8392250528864, 5.5, 1075
10/02/2023 01:00, 243582f4-afb9-468f-86fe-48592468d9b2/75b9bab8-793f-4767-9b73-9c153d3727d1, 5/1.80002567403369, 0, -14.40020539226952, 2590.0012837016843, 5.5, 1075
10/02/2023 02:00, 243582f4-afb9-468f-86fe-48592468d9b2/eba3befe-9c19-4d93-a71d-cc86df44ec15, 5/1.8217013344661401, 4.918593603058579, 0, 4503.871467912754, 8.961232535485665, 2240.88885405833
10/02/2023 03:00, 243582f4-afb9-468f-86fe-48592468d9b2/eba3befe-9c19-4d93-a71d-cc86df44ec15, 5/1.9521719273270497, 5.270864203783034, 0, 4647.3891200597545, 9.209126661921394, 2324.390033489312
10/02/2023 04:00, 243582f4-afb9-468f-86fe-48592468d9b2/eba3befe-9c19-4d93-a71d-cc86df44ec15, 5/2.72833779017025, 7.366512033459675, 0, 5501.171569187275, 10.683841801323474, 2821.13618570896
10/02/2023 05:00, 243582f4-afb9-468f-86fe-48592468d9b2/eba3befe-9c19-4d93-a71d-cc86df44ec15, 5/2.8965322817264703, 7.82063716066147, 0, 5686.185509899117, 11.003411335280294, 2928.780660304941
10/02/2023 06:00, 243582f4-afb9-468f-86fe-48592468d9b2/eba3befe-9c19-4d93-a71d-cc86df44ec15, 5/3.10747297305028, 8.390177027235756, 0, 5918.2202703553085, 11.404198648795532, 3063.782702752179
10/02/2023 07:00, eba3befe-9c19-4d93-a71d-cc86df44ec15/243582f4-afb9-468f-86fe-48592468d9b2, 3.6/4.01546064014064, 9.72, 0, 5967.73032007032, 11.257006704154705, 3167.3240376302374
10/02/2023 08:00, eba3befe-9c19-4d93-a71d-cc86df44ec15/243582f4-afb9-468f-86fe-48592468d9b2, 3.6/4.039861080373919, 9.72, 0, 5979.93054018696, 11.283847188411311, 3172.5701322803925
10/02/2023 09:00, eba3befe-9c19-4d93-a71d-cc86df44ec15/243582f4-afb9-468f-86fe-48592468d9b2, 3.6/3.8392426139447395, 9.72, 0, 5879.62130697237, 11.063166875339213, 3129.437161998119
10/02/2023 10:00, eba3befe-9c19-4d93-a71d-cc86df44ec15/243582f4-afb9-468f-86fe-48592468d9b2, 3.6/3.66322821373357, 9.72, 0, 5791.614106866785, 10.869551035106927, 3091.5940659527178
10/02/2023 11:00, 243582f4-afb9-468f-86fe-48592468d9b2/eba3befe-9c19-4d93-a71d-cc86df44ec15, 5/2.02567221593565, 5.469314983026255, 0, 4728.239437529215, 9.348777210277735, 2371.430218198816
10/02/2023 12:00, 243582f4-afb9-468f-86fe-48592468d9b2/eba3befe-9c19-4d93-a71d-cc86df44ec15, 5/1.7714975403589701, 4.78304335896922, 0, 4448.6472943948675, 8.865845326682043, 2208.758425829741
10/02/2023 13:00, 243582f4-afb9-468f-86fe-48592468d9b2/eba3befe-9c19-4d93-a71d-cc86df44ec15, 5/1.7231395297612098, 4.652476730355267, 0, 4395.453482737331, 8.7739651065463, 2177.809299047174
10/02/2023 14:00, 243582f4-afb9-468f-86fe-48592468d9b2/eba3befe-9c19-4d93-a71d-cc86df44ec15, 5/1.9015648163024599, 5.134225004016642, 0, 4591.721297932706, 9.112973150974673, 2292.0014824335744
10/02/2023 15:00, 243582f4-afb9-468f-86fe-48592468d9b2/eba3befe-9c19-4d93-a71d-cc86df44ec15, 5/2.3419144156400398, 6.323168922228108, 0, 5076.105857204044, 9.949637389716075, 2573.8252260096256
10/02/2023 16:00, 243582f4-afb9-468f-86fe-48592468d9b2/75b9bab8-793f-4767-9b73-9c153d3727d1, 5/2.4846766782397696, 0, -19.877413425918157, 2624.2338339119883, 5.5, 1075
10/02/2023 17:00, 243582f4-afb9-468f-86fe-48592468d9b2/eba3befe-9c19-4d93-a71d-cc86df44ec15, 5/2.45086690611548, 6.6173406465117965, 0, 5195.953596727028, 10.156647121619411, 2643.554819913907
10/02/2023 18:00, 243582f4-afb9-468f-86fe-48592468d9b2/75b9bab8-793f-4767-9b73-9c153d3727d1, 5/1.9161334104198904, 0, -15.329067283359123, 2595.8066705209944, 5.5, 1075
10/02/2023 19:00, 243582f4-afb9-468f-86fe-48592468d9b2/75b9bab8-793f-4767-9b73-9c153d3727d1, 5/1.8183831374941901, 0, -14.547065099953521, 2590.9191568747096, 5.5, 1075
10/02/2023 20:00, 243582f4-afb9-468f-86fe-48592468d9b2/75b9bab8-793f-4767-9b73-9c153d3727d1, 5/1.7785360300914501, 0, -14.228288240731601, 2588.9268015045727, 5.5, 1075
10/02/2023 21:00, 243582f4-afb9-468f-86fe-48592468d9b2/75b9bab8-793f-4767-9b73-9c153d3727d1, 5/1.6820294220704497, 0, -13.456235376563598, 2584.1014711035223, 5.5, 1075
10/02/2023 22:00, 243582f4-afb9-468f-86fe-48592468d9b2/75b9bab8-793f-4767-9b73-9c153d3727d1, 5/1.5642166068500902, 0, -12.513732854800722, 2578.2108303425043, 5.5, 1075
10/02/2023 23:00, 75b9bab8-793f-4767-9b73-9c153d3727d1, 6.45589886225806, 0, -51.64719089806448, 322.794943112903, 0, 0
11/02/2023 00:00, 243582f4-afb9-468f-86fe-48592468d9b2/75b9bab8-793f-4767-9b73-9c153d3727d1, 5/1.3503692443535096, 0, -10.802953954828077, 2567.5184622176753, 5.5, 1075
11/02/2023 01:00, 243582f4-afb9-468f-86fe-48592468d9b2/75b9bab8-793f-4767-9b73-9c153d3727d1, 5/1.3142232174221702, 0, -10.513785739377361, 2565.7111608711084, 5.5, 1075
11/02/2023 02:00, 243582f4-afb9-468f-86fe-48592468d9b2/75b9bab8-793f-4767-9b73-9c153d3727d1, 5/1.3738729536623397, 0, -10.990983629298718, 2568.693647683117, 5.5, 1075
11/02/2023 03:00, 243582f4-afb9-468f-86fe-48592468d9b2/75b9bab8-793f-4767-9b73-9c153d3727d1, 5/1.4331526796195204, 0, -11.465221436956163, 2571.6576339809762, 5.5, 1075
11/02/2023 04:00, 243582f4-afb9-468f-86fe-48592468d9b2/75b9bab8-793f-4767-9b73-9c153d3727d1, 5/2.0370820453929896, 0, -16.296656363143917, 2601.8541022696495, 5.5, 1075
11/02/2023 05:00, 243582f4-afb9-468f-86fe-48592468d9b2/75b9bab8-793f-4767-9b73-9c153d3727d1, 5/1.96341746536043, 0, -15.70733972288344, 2598.1708732680213, 5.5, 1075
11/02/2023 06:00, 243582f4-afb9-468f-86fe-48592468d9b2/75b9bab8-793f-4767-9b73-9c153d3727d1, 5/1.9607078889756702, 0, -15.685663111805361, 2598.0353944487833, 5.5, 1075
11/02/2023 07:00, 243582f4-afb9-468f-86fe-48592468d9b2/75b9bab8-793f-4767-9b73-9c153d3727d1, 5/1.60601792010731, 0, -12.84814336085848, 2580.3008960053653, 5.5, 1075
11/02/2023 08:00, 243582f4-afb9-468f-86fe-48592468d9b2/75b9bab8-793f-4767-9b73-9c153d3727d1, 5/1.8224191744462601, 0, -14.579353395570081, 2591.120958722313, 5.5, 1075
11/02/2023 09:00, 243582f4-afb9-468f-86fe-48592468d9b2/eba3befe-9c19-4d93-a71d-cc86df44ec15, 5/1.8888027479084304, 5.099767419352762, 0, 4577.683022699273, 9.088725221026017, 2283.833758661395
11/02/2023 10:00, 243582f4-afb9-468f-86fe-48592468d9b2/eba3befe-9c19-4d93-a71d-cc86df44ec15, 5/1.6916989976575696, 4.567587293675438, 0, 4360.868897423326, 8.714228095549382, 2157.6873585008443
11/02/2023 11:00, 243582f4-afb9-468f-86fe-48592468d9b2/eba3befe-9c19-4d93-a71d-cc86df44ec15, 5/1.6223997248967503, 4.380479257221226, 0, 4284.639697386425, 8.582559477303825, 2113.3358239339204
11/02/2023 12:00, 243582f4-afb9-468f-86fe-48592468d9b2/eba3befe-9c19-4d93-a71d-cc86df44ec15, 5/1.49733220911265, 4.042796964604155, 0, 4147.065430023915, 8.344931197314034, 2033.2926138320959
11/02/2023 13:00, 243582f4-afb9-468f-86fe-48592468d9b2/eba3befe-9c19-4d93-a71d-cc86df44ec15, 5/1.3951864180469498, 3.767003328726765, 0, 4034.705059851645, 8.150854194289204, 1967.919307550048
11/02/2023 14:00, 243582f4-afb9-468f-86fe-48592468d9b2/eba3befe-9c19-4d93-a71d-cc86df44ec15, 5/1.5774051953050803, 4.258994027323717, 0, 4235.1457148355885, 8.497069871079653, 2084.5393249952513
11/02/2023 15:00, 243582f4-afb9-468f-86fe-48592468d9b2/75b9bab8-793f-4767-9b73-9c153d3727d1, 5/1.1997325073708396, 0, -9.597860058966717, 2559.986625368542, 5.5, 1075
11/02/2023 16:00, 243582f4-afb9-468f-86fe-48592468d9b2/eba3befe-9c19-4d93-a71d-cc86df44ec15, 5/1.2932444058375898, 3.4917598957614926, 0, 3922.568846421349, 7.95716437109142, 1902.6764197360576
11/02/2023 17:00, 243582f4-afb9-468f-86fe-48592468d9b2/eba3befe-9c19-4d93-a71d-cc86df44ec15, 5/1.0726719382135101, 2.8962142331764777, 0, 3679.9391320348614, 7.538076682605669, 1761.5100404566465
11/02/2023 18:00, eba3befe-9c19-4d93-a71d-cc86df44ec15/243582f4-afb9-468f-86fe-48592468d9b2, 3.6/2.6666841952822, 9.72, 0, 5293.3420976411, 9.77335261481042, 2877.337101985673
11/02/2023 19:00, eba3befe-9c19-4d93-a71d-cc86df44ec15/243582f4-afb9-468f-86fe-48592468d9b2, 3.6/2.6992057518770998, 9.72, 0, 5309.60287593855, 9.80912632706481, 2884.3292366535766
11/02/2023 20:00, 243582f4-afb9-468f-86fe-48592468d9b2/eba3befe-9c19-4d93-a71d-cc86df44ec15, 5/1.2483470616549903, 3.370537066468474, 0, 3873.1817678204893, 7.871859417144481, 1873.9421194591937
11/02/2023 21:00, 243582f4-afb9-468f-86fe-48592468d9b2/eba3befe-9c19-4d93-a71d-cc86df44ec15, 5/1.1639168316647703, 3.14257544549488, 0, 3780.3085148312475, 7.711441980163063, 1819.9067722654531
11/02/2023 22:00, 243582f4-afb9-468f-86fe-48592468d9b2/eba3befe-9c19-4d93-a71d-cc86df44ec15, 5/1.2335364269934797, 3.330548352882395, 0, 3856.8900696928276, 7.8437192112876115, 1864.463313275827
11/02/2023 23:00, 243582f4-afb9-468f-86fe-48592468d9b2/eba3befe-9c19-4d93-a71d-cc86df44ec15, 5/1.0851729453020598, 2.9299669523155614, 0, 3693.6902398322654, 7.561828596073914, 1769.5106849933181
12/02/2023 00:00, eba3befe-9c19-4d93-a71d-cc86df44ec15/243582f4-afb9-468f-86fe-48592468d9b2, 3.6/2.4503335291345896, 9.72, 0, 5185.166764567295, 9.535366882048049, 2830.821708763937
12/02/2023 01:00, eba3befe-9c19-4d93-a71d-cc86df44ec15/243582f4-afb9-468f-86fe-48592468d9b2, 3.6/2.44559443256007, 9.72, 0, 5182.797216280035, 9.530153875816076, 2829.802803000415
12/02/2023 02:00, eba3befe-9c19-4d93-a71d-cc86df44ec15/243582f4-afb9-468f-86fe-48592468d9b2, 3.6/2.4633376388615997, 9.72, 0, 5191.6688194308, 9.549671402747759, 2833.6175923552437
12/02/2023 03:00, eba3befe-9c19-4d93-a71d-cc86df44ec15/243582f4-afb9-468f-86fe-48592468d9b2, 3.6/2.6414380082914595, 9.72, 0, 5280.71900414573, 9.745581809120605, 2871.9091717826636
12/02/2023 04:00, eba3befe-9c19-4d93-a71d-cc86df44ec15/243582f4-afb9-468f-86fe-48592468d9b2, 3.6/3.1472543331827, 9.72, 0, 5533.62716659135, 10.30197976650097, 2980.6596816342803
12/02/2023 05:00, eba3befe-9c19-4d93-a71d-cc86df44ec15/243582f4-afb9-468f-86fe-48592468d9b2, 3.6/3.14447577743663, 9.72, 0, 5532.237888718315, 10.298923355180293, 2980.0622921488757
12/02/2023 06:00, eba3befe-9c19-4d93-a71d-cc86df44ec15/243582f4-afb9-468f-86fe-48592468d9b2, 3.6/3.11525664502356, 9.72, 0, 5517.62832251178, 10.266782309525915, 2973.7801786800655
12/02/2023 07:00, eba3befe-9c19-4d93-a71d-cc86df44ec15/243582f4-afb9-468f-86fe-48592468d9b2, 3.6/2.66579589021312, 9.72, 0, 5292.89794510656, 9.772375479234432, 2877.1461163958206
12/02/2023 08:00, eba3befe-9c19-4d93-a71d-cc86df44ec15/243582f4-afb9-468f-86fe-48592468d9b2, 3.6/2.91262650811963, 9.72, 0, 5416.313254059814, 10.043889158931593, 2930.2146992457206
12/02/2023 09:00, eba3befe-9c19-4d93-a71d-cc86df44ec15/243582f4-afb9-468f-86fe-48592468d9b2, 3.6/3.10843208457629, 9.72, 0, 5514.216042288145, 10.25927529303392, 2972.3128981839022
12/02/2023 10:00, eba3befe-9c19-4d93-a71d-cc86df44ec15/243582f4-afb9-468f-86fe-48592468d9b2, 3.6/2.99454405272192, 9.72, 0, 5457.27202636096, 10.133998457994112, 2947.826971335213
12/02/2023 11:00, eba3befe-9c19-4d93-a71d-cc86df44ec15/243582f4-afb9-468f-86fe-48592468d9b2, 3.6/2.81401449846162, 9.72, 0, 5367.00724923081, 9.935415948307782, 2909.0131171692483
12/02/2023 12:00, 243582f4-afb9-468f-86fe-48592468d9b2/eba3befe-9c19-4d93-a71d-cc86df44ec15, 5/1.2787251561193997, 3.4525579215223794, 0, 3906.5976717313397, 7.929577796626859, 1893.3840999164158
12/02/2023 13:00, 243582f4-afb9-468f-86fe-48592468d9b2/eba3befe-9c19-4d93-a71d-cc86df44ec15, 5/1.2614768497660398, 3.4059874943683077, 0, 3887.624534742644, 7.896806014555476, 1882.3451838502656
12/02/2023 14:00, 243582f4-afb9-468f-86fe-48592468d9b2/eba3befe-9c19-4d93-a71d-cc86df44ec15, 5/1.5266598209473798, 4.121981516557926, 0, 4179.3258030421175, 8.400653659800021, 2052.062285406323
12/02/2023 15:00, 243582f4-afb9-468f-86fe-48592468d9b2/eba3befe-9c19-4d93-a71d-cc86df44ec15, 5/1.4838851521738396, 4.006489910869368, 0, 4132.273667391224, 8.319381789130295, 2024.6864973912575
12/02/2023 16:00, eba3befe-9c19-4d93-a71d-cc86df44ec15/243582f4-afb9-468f-86fe-48592468d9b2, 3.6/2.85064003311343, 9.72, 0, 5385.320016556715, 9.975704036424773, 2916.887607119387
12/02/2023 17:00, eba3befe-9c19-4d93-a71d-cc86df44ec15/243582f4-afb9-468f-86fe-48592468d9b2, 3.6/2.5440147841570098, 9.72, 0, 5232.007392078505, 9.638416262572711, 2850.963178593757
12/02/2023 18:00, eba3befe-9c19-4d93-a71d-cc86df44ec15/243582f4-afb9-468f-86fe-48592468d9b2, 3.6/2.6982917583521195, 9.72, 0, 5309.14587917606, 9.808120934187333, 2884.132728045706
12/02/2023 19:00, eba3befe-9c19-4d93-a71d-cc86df44ec15/243582f4-afb9-468f-86fe-48592468d9b2, 3.6/2.5734569775565403, 9.72, 0, 5246.72848877827, 9.670802675312194, 2857.2932501746564
12/02/2023 20:00, eba3befe-9c19-4d93-a71d-cc86df44ec15/243582f4-afb9-468f-86fe-48592468d9b2, 3.6/2.49662138398171, 9.72, 0, 5208.310691990855, 9.586283522379881, 2840.7735975560677
12/02/2023 21:00, 243582f4-afb9-468f-86fe-48592468d9b2/eba3befe-9c19-4d93-a71d-cc86df44ec15, 5/1.0931173978980402, 2.9514169743247085, 0, 3702.429137687844, 7.576923056006276, 1774.5951346547458
12/02/2023 22:00, 243582f4-afb9-468f-86fe-48592468d9b2/eba3befe-9c19-4d93-a71d-cc86df44ec15, 5/1.0875811251955598, 2.9364690380280116, 0, 3696.339237715116, 7.566404137871563, 1771.0519201251582
12/02/2023 23:00, 243582f4-afb9-468f-86fe-48592468d9b2/eba3befe-9c19-4d93-a71d-cc86df44ec15, 5/1.0284979341234104, 2.7769444221332082, 0, 3631.3477275357513, 7.45414607483448, 1733.2386778389828
13/02/2023 00:00, 243582f4-afb9-468f-86fe-48592468d9b2/eba3befe-9c19-4d93-a71d-cc86df44ec15, 5/1.0797698070592396, 2.9153784790599473, 0, 3687.7467877651634, 7.551562633412555, 1766.0526765179134
13/02/2023 01:00, 243582f4-afb9-468f-86fe-48592468d9b2/eba3befe-9c19-4d93-a71d-cc86df44ec15, 5/1.1794051273981703, 3.18439384397506, 0, 3797.345640137987, 7.740869742056523, 1829.8192815348289
13/02/2023 02:00, 243582f4-afb9-468f-86fe-48592468d9b2/eba3befe-9c19-4d93-a71d-cc86df44ec15, 5/1.2614536726943602, 3.4059249162747727, 0, 3887.5990399637963, 7.896761978119285, 1882.3303505243905
13/02/2023 03:00, 243582f4-afb9-468f-86fe-48592468d9b2/eba3befe-9c19-4d93-a71d-cc86df44ec15, 5/1.3944178127434501, 3.7649280944073156, 0, 4033.859594017795, 8.149393844212556, 1967.427400155808
13/02/2023 04:00, 243582f4-afb9-468f-86fe-48592468d9b2/eba3befe-9c19-4d93-a71d-cc86df44ec15, 5/1.9610841912778199, 5.294927316450114, 0, 4657.192610405602, 9.226059963427858, 2330.0938824178047
13/02/2023 05:00, eba3befe-9c19-4d93-a71d-cc86df44ec15/243582f4-afb9-468f-86fe-48592468d9b2, 3.6/3.4851325545340095, 9.72, 0, 5702.566277267005, 10.673645809987411, 3053.303499224812
13/02/2023 06:00, eba3befe-9c19-4d93-a71d-cc86df44ec15/243582f4-afb9-468f-86fe-48592468d9b2, 3.6/3.73612105461465, 9.72, 0, 5828.060527307325, 10.949733160076114, 3107.2660267421497
13/02/2023 07:00, eba3befe-9c19-4d93-a71d-cc86df44ec15/243582f4-afb9-468f-86fe-48592468d9b2, 3.6/3.23985373733044, 9.72, 0, 5579.926868665219, 10.403839111063483, 3000.5685535260445
13/02/2023 08:00, eba3befe-9c19-4d93-a71d-cc86df44ec15/243582f4-afb9-468f-86fe-48592468d9b2, 3.6/3.34114238465204, 9.72, 0, 5630.5711923260205, 10.515256623117244, 3022.3456127001887
13/02/2023 09:00, eba3befe-9c19-4d93-a71d-cc86df44ec15/243582f4-afb9-468f-86fe-48592468d9b2, 3.6/3.25568202342829, 9.72, 0, 5587.841011714145, 10.42125022577112, 3003.9716350370823
13/02/2023 10:00, eba3befe-9c19-4d93-a71d-cc86df44ec15/243582f4-afb9-468f-86fe-48592468d9b2, 3.6/3.13377454111046, 9.72, 0, 5526.887270555229, 10.287151995221507, 2977.761526338749
13/02/2023 11:00, eba3befe-9c19-4d93-a71d-cc86df44ec15/243582f4-afb9-468f-86fe-48592468d9b2, 3.6/2.85760504600101, 9.72, 0, 5388.802523000505, 9.98336555060111, 2918.385084890217
13/02/2023 12:00, eba3befe-9c19-4d93-a71d-cc86df44ec15/243582f4-afb9-468f-86fe-48592468d9b2, 3.6/2.60548864889357, 9.72, 0, 5262.744324446785, 9.706037513782928, 2864.1800595121176
13/02/2023 13:00, eba3befe-9c19-4d93-a71d-cc86df44ec15/243582f4-afb9-468f-86fe-48592468d9b2, 3.6/2.6620981195124, 9.72, 0, 5291.0490597562, 9.76830793146364, 2876.351095695166
13/02/2023 14:00, eba3befe-9c19-4d93-a71d-cc86df44ec15/243582f4-afb9-468f-86fe-48592468d9b2, 3.6/2.7406551599147595, 9.72, 0, 5330.32757995738, 9.854720675906236, 2893.2408593816735
13/02/2023 15:00, eba3befe-9c19-4d93-a71d-cc86df44ec15/243582f4-afb9-468f-86fe-48592468d9b2, 3.6/3.0588853322688796, 9.72, 0, 5489.44266613444, 10.204773865495767, 2961.660346437809
13/02/2023 16:00, eba3befe-9c19-4d93-a71d-cc86df44ec15/243582f4-afb9-468f-86fe-48592468d9b2, 3.6/3.1108025411473403, 9.72, 0, 5515.40127057367, 10.261882795262075, 2972.8225463466783
13/02/2023 17:00, eba3befe-9c19-4d93-a71d-cc86df44ec15/243582f4-afb9-468f-86fe-48592468d9b2, 3.6/3.2131980672505196, 9.72, 0, 5566.59903362526, 10.374517873975572, 2994.837584458862
13/02/2023 18:00, eba3befe-9c19-4d93-a71d-cc86df44ec15/243582f4-afb9-468f-86fe-48592468d9b2, 3.6/2.8688391386275796, 9.72, 0, 5394.41956931379, 9.995723052490337, 2920.8004148049295
13/02/2023 19:00, eba3befe-9c19-4d93-a71d-cc86df44ec15/243582f4-afb9-468f-86fe-48592468d9b2, 3.6/2.66217483871328, 9.72, 0, 5291.08741935664, 9.768392322584608, 2876.367590323355
13/02/2023 20:00, eba3befe-9c19-4d93-a71d-cc86df44ec15/243582f4-afb9-468f-86fe-48592468d9b2, 3.6/2.59638780846092, 9.72, 0, 5258.19390423046, 9.696026589307012, 2862.223378819098
13/02/2023 21:00, eba3befe-9c19-4d93-a71d-cc86df44ec15/243582f4-afb9-468f-86fe-48592468d9b2, 3.6/2.61941951546457, 9.72, 0, 5269.709757732285, 9.721361467011027, 2867.1751958248824
13/02/2023 22:00, eba3befe-9c19-4d93-a71d-cc86df44ec15/243582f4-afb9-468f-86fe-48592468d9b2, 3.6/2.54776841795127, 9.72, 0, 5233.884208975635, 9.642545259746397, 2851.770209859523
13/02/2023 23:00, eba3befe-9c19-4d93-a71d-cc86df44ec15/243582f4-afb9-468f-86fe-48592468d9b2, 3.6/2.5939189723059903, 9.72, 0, 5256.959486152995, 9.693310869536589, 2861.692579045788
14/02/2023 00:00, eba3befe-9c19-4d93-a71d-cc86df44ec15/243582f4-afb9-468f-86fe-48592468d9b2, 3.6/2.55019200502873, 9.72, 0, 5235.096002514365, 9.645211205531602, 2852.2912810811767
14/02/2023 01:00, eba3befe-9c19-4d93-a71d-cc86df44ec15/243582f4-afb9-468f-86fe-48592468d9b2, 3.6/2.73419090772549, 9.72, 0, 5327.095453862745, 9.847609998498038, 2891.8510451609804
14/02/2023 02:00, eba3befe-9c19-4d93-a71d-cc86df44ec15/243582f4-afb9-468f-86fe-48592468d9b2, 3.6/2.71576259794447, 9.72, 0, 5317.8812989722355, 9.827338857738917, 2887.888958558061
14/02/2023 03:00, eba3befe-9c19-4d93-a71d-cc86df44ec15/243582f4-afb9-468f-86fe-48592468d9b2, 3.6/2.78203609004021, 9.72, 0, 5351.018045020105, 9.900239699044231, 2902.1377593586453
14/02/2023 04:00, eba3befe-9c19-4d93-a71d-cc86df44ec15/243582f4-afb9-468f-86fe-48592468d9b2, 3.6/3.42338449507607, 9.72, 0, 5671.692247538035, 10.605722944583677, 3040.027666441355
14/02/2023 05:00, eba3befe-9c19-4d93-a71d-cc86df44ec15/243582f4-afb9-468f-86fe-48592468d9b2, 3.6/3.61397695203781, 9.72, 0, 5766.988476018905, 10.81537464724159, 3081.005044688129
14/02/2023 06:00, eba3befe-9c19-4d93-a71d-cc86df44ec15/243582f4-afb9-468f-86fe-48592468d9b2, 3.6/3.7962422692743902, 9.72, 0, 5858.121134637195, 11.01586649620183, 3120.1920878939936
14/02/2023 07:00, eba3befe-9c19-4d93-a71d-cc86df44ec15/243582f4-afb9-468f-86fe-48592468d9b2, 3.6/3.3237910069171597, 9.72, 0, 5621.89550345858, 10.496170107608876, 3018.6150664871893
14/02/2023 08:00, eba3befe-9c19-4d93-a71d-cc86df44ec15/243582f4-afb9-468f-86fe-48592468d9b2, 3.6/3.4571404962555596, 9.72, 0, 5688.57024812778, 10.642854545881116, 3047.2852066949454
14/02/2023 09:00, eba3befe-9c19-4d93-a71d-cc86df44ec15/243582f4-afb9-468f-86fe-48592468d9b2, 3.6/3.4161844196303703, 9.72, 0, 5668.092209815185, 10.597802861593408, 3038.4796502205295
14/02/2023 10:00, eba3befe-9c19-4d93-a71d-cc86df44ec15/243582f4-afb9-468f-86fe-48592468d9b2, 3.6/3.5238721008774996, 9.72, 0, 5721.93605043875, 10.716259310965249, 3061.632501688662
14/02/2023 11:00, eba3befe-9c19-4d93-a71d-cc86df44ec15/243582f4-afb9-468f-86fe-48592468d9b2, 3.6/3.47641715822803, 9.72, 0, 5698.208579114015, 10.664058874050832, 3051.4296890190262
14/02/2023 12:00, eba3befe-9c19-4d93-a71d-cc86df44ec15/243582f4-afb9-468f-86fe-48592468d9b2, 3.6/3.48346332403792, 9.72, 0, 5701.7316620189595, 10.671809656441713, 3052.944614668153
14/02/2023 13:00, eba3befe-9c19-4d93-a71d-cc86df44ec15/243582f4-afb9-468f-86fe-48592468d9b2, 3.6/3.3982021751631595, 9.72, 0, 5659.10108758158, 10.578022392679475, 3034.6134676600796
14/02/2023 14:00, eba3befe-9c19-4d93-a71d-cc86df44ec15/243582f4-afb9-468f-86fe-48592468d9b2, 3.6/3.04338125435406, 9.72, 0, 5481.69062717703, 10.187719379789467, 2958.326969686123
14/02/2023 15:00, eba3befe-9c19-4d93-a71d-cc86df44ec15/243582f4-afb9-468f-86fe-48592468d9b2, 3.6/3.49110767186721, 9.72, 0, 5705.553835933605, 10.680218439053931, 3054.58814945145
14/02/2023 16:00, eba3befe-9c19-4d93-a71d-cc86df44ec15/243582f4-afb9-468f-86fe-48592468d9b2, 3.6/3.4716468378175596, 9.72, 0, 5695.82341890878, 10.658811521599315, 3050.4040701307754
14/02/2023 17:00, eba3befe-9c19-4d93-a71d-cc86df44ec15/243582f4-afb9-468f-86fe-48592468d9b2, 3.6/3.4339406766374903, 9.72, 0, 5676.970338318745, 10.617334744301239, 3042.2972454770606
14/02/2023 18:00, eba3befe-9c19-4d93-a71d-cc86df44ec15/243582f4-afb9-468f-86fe-48592468d9b2, 3.6/2.9302013586677496, 9.72, 0, 5425.100679333875, 10.063221494534524, 2933.993292113566
14/02/2023 19:00, eba3befe-9c19-4d93-a71d-cc86df44ec15/243582f4-afb9-468f-86fe-48592468d9b2, 3.6/2.7820273280787498, 9.72, 0, 5351.013664039375, 9.900230060886624, 2902.135875536931
14/02/2023 20:00, eba3befe-9c19-4d93-a71d-cc86df44ec15/243582f4-afb9-468f-86fe-48592468d9b2, 3.6/2.9124517742644396, 9.72, 0, 5416.22588713222, 10.043696951690883, 2930.1771314668545
14/02/2023 21:00, eba3befe-9c19-4d93-a71d-cc86df44ec15/243582f4-afb9-468f-86fe-48592468d9b2, 3.6/2.7414254296525296, 9.72, 0, 5330.712714826264, 9.855567972617783, 2893.4064673752937
14/02/2023 22:00, eba3befe-9c19-4d93-a71d-cc86df44ec15/243582f4-afb9-468f-86fe-48592468d9b2, 3.6/2.8086483940551, 9.72, 0, 5364.32419702755, 9.92951323346061, 2907.8594047218467
14/02/2023 23:00, eba3befe-9c19-4d93-a71d-cc86df44ec15/243582f4-afb9-468f-86fe-48592468d9b2, 3.6/2.7471732405047997, 9.72, 0, 5333.586620252399, 9.86189056455528, 2894.642246708532
